cloneId	readCount	readFraction	targetSequences	targetQualities	allVHitsWithScore	allDHitsWithScore	allJHitsWithScore	allCHitsWithScore	allVAlignments	allDAlignments	allJAlignments	allCAlignments	nSeqCDR3	minQualCDR3	aaSeqCDR3	refPoints
179	2.0	0.03333333333333333	TGTGCCAGCAGTTTACTGCCCTTCGAGCAGTACTTC	[[[[[[[[[[[[[[[[[[[[[[[[[[[[[[[[[[[[	TRBV12-3*00(415),TRBV12-4*00(415)		TRBJ2-7*00(139)		350|365|387|0|15||75.0;350|365|387|0|15||75.0		22|39|67|19|36|SA25T|69.0		TGTGCCAGCAGTTTACTGCCCTTCGAGCAGTACTTC	58	CASSLLPFEQYF	:::::::::0:-2:15:::::19:-2:36:::
180	2.0	0.03333333333333333	TGTGCCAGCAGCCAAGAAGGGGACCTCACCTACGAGCAGTACTTC	[[[[[[[[Y[[[[[[[[[[[[[[[[[[[[[[[[[[[[[[[[[[[[	TRBV14*00(530)	TRBD1*00(25),TRBD2*00(25)	TRBJ2-7*00(157)	TRBC2*00(295)	350|367|387|0|17||85.0	12|17|36|19|24||25.0;16|21|48|19|24||25.0	22|39|67|28|45||85.0		TGTGCCAGCAGCCAAGAAGGGGACCTCACCTACGAGCAGTACTTC	56	CASSQEGDLTYEQYF	:::::::::0:0:17:19:0:-7:24:28:-2:45:::
181	2.0	0.03333333333333333	TGTGCCAGCAGATCTGGGACTAGCGGGCGGAATGAGCAGTTCTTC	[[[[[[[[[[[[[[[[[[[[[[[[[[[[[[[[[[[[[[[[[[[[[	TRBV12-3*00(255),TRBV12-4*00(255)	TRBD2*00(60)	TRBJ2-1*00(215)	TRBC2*00(225)	350|361|387|0|11||55.0;350|361|387|0|11||55.0	16|28|48|15|27||60.0	27|42|70|30|45||75.0		TGTGCCAGCAGATCTGGGACTAGCGGGCGGAATGAGCAGTTCTTC	58	CASRSGTSGRNEQFF	:::::::::0:-6:11:15:0:-4:27:30:-7:45:::
238	2.0	0.03333333333333333	TGCGCCAGCAGCCAAGATCCGGCGGGGCGGACCGGGGAGCTGTTTTTT	[[[[[[[[[[[[[[[[[[[[[[[[[[[[[[[[[[[[[[[[[[[[[[[[	TRBV4-1*00(217.5)	TRBD1*00(30)	TRBJ2-2*00(230)	TRBC2*00(400)	347|366|384|0|19||95.0	19|25|36|23|29||30.0	25|43|71|30|48||90.0		TGCGCCAGCAGCCAAGATCCGGCGGGGCGGACCGGGGAGCTGTTTTTT	58	CASSQDPAGRTGELFF	:::::::::0:2:19:23:-7:1:29:30:-5:48:::
716	1.0	0.016666666666666666	TGTGCCTGGAGCGTGATTGTCGGAAACACCATATATTTT	FIFIIIFFIBFFFBFFFFIIIIFFIIIIIIIIFFFFFFF	TRBV30*00(210)		TRBJ1-3*00(230)	TRBC1*00(484),TRBC2*00(484)	341|352|375|0|11||55.0		24|42|70|21|39||90.0	;	TGTGCCTGGAGCGTGATTGTCGGAAACACCATATATTTT	33	CAWSVIVGNTIYF	:::::::::0:-3:11:::::21:-4:39:::
724	1.0	0.016666666666666666	TGTGCCAGTAGTATAGGGGACAGGGGGCGGCAGCCCCAGCATTTT	FBBBFFB<BBFBBFFF<BB<BFFFBBFBBB7<<FFBFFFBFFBFF	TRBV19*00(460)	TRBD1*00(65)	TRBJ1-5*00(215)	TRBC1*00(180)	347|363|384|0|16||80.0	12|25|36|16|29||65.0	27|42|70|30|45||75.0		TGTGCCAGTAGTATAGGGGACAGGGGGCGGCAGCCCCAGCATTTT	22	CASSIGDRGRQPQHF	:::::::::0:-1:16:16:0:1:29:30:-7:45:::
725	1.0	0.016666666666666666	TGTGCCAGTAGCGACAGGGGGATCTATGGCTACACCTTC	IIIIIIIIIIIIIIIIIIIIIIIIIIIIIIIIIFFFFFF	TRBV19*00(530)	TRBD1*00(45)	TRBJ1-2*00(120)		347|358|384|0|11||55.0	14|23|36|12|21||45.0	24|40|68|23|39||80.0		TGTGCCAGTAGCGACAGGGGGATCTATGGCTACACCTTC	37	CASSDRGIYGYTF	:::::::::0:-6:11:12:-2:-1:21:23:-4:39:::
726	1.0	0.016666666666666666	TGTGCCAGCTCCCGGCGGGGCCCGAACACCGGGGAGCTGTTTTTT	IIFIFFFIIIIIIIIIFFFFFFFFBBBFFFFFFF7B<BB<BBFFF	TRBV7-9*00(200)	TRBD1*00(30),TRBD2*00(30)	TRBJ2-2*00(235)	TRBC1*00(468),TRBC2*00(468)	350|359|387|0|9||45.0	8|14|36|9|15||30.0;12|18|48|9|15||30.0	20|43|71|22|45||115.0	;	TGTGCCAGCTCCCGGCGGGGCCCGAACACCGGGGAGCTGTTTTTT	22	CASSRRGPNTGELFF	:::::::::0:-8:9:9:4:-10:15:22:0:45:::
727	1.0	0.016666666666666666	TGTGCCAGCTCACCACAAGGCACGTTGAACACCGGGGAGCTGTTTTTT	F<<B<<FFFFB<<B<BB<FB7BBBBFBBFBF<FFFBB<FB<<FFFBFF	TRBV18*00(640)		TRBJ2-2*00(145)		350|366|387|0|16||80.0		21|43|71|26|48||110.0		TGTGCCAGCTCACCACAAGGCACGTTGAACACCGGGGAGCTGTTTTTT	22	CASSPQGTLNTGELFF	:::::::::0:-1:16:::::26:-1:48:::
728	1.0	0.016666666666666666	TGTGCCAGCGGCCGACTAGCGGGGATCTCCTACGAGCAGTACTTC	IIIIIIIIIIIIFIIIFIFFIIIFBBFFFFBFFFBBBBBBBFFFF	TRBV3-1*00(119),TRBV3-2*00(119)	TRBD2*00(45)	TRBJ2-7*00(239)	TRBC2*00(335)	347|360|384|0|13|SA356G|49.0;347|360|384|0|13|SA356G|49.0	18|27|48|13|22||45.0	16|39|67|22|45|SG19T|99.0		TGTGCCAGCGGCCGACTAGCGGGGATCTCCTACGAGCAGTACTTC	33	CASGRLAGISYEQYF	:::::::::0:-4:13:13:-2:-5:22:22:4:45:::
729	1.0	0.016666666666666666	TGTGCCAGCGGGTGGTTGGGCGAGCAGTACTTC	FFFIIIIFFFII<FFFIIFIFFBFFFFBFFFFF	TRBV12-4*00(100),TRBV6-1*00(100),TRBV6-4*00(100),TRBV6-5*00(100),TRBV6-6*00(100)		TRBJ2-7*00(205)	TRBC2*00(464)	350|359|387|0|9||45.0;347|356|384|0|9||45.0;347|356|384|0|9||45.0;347|356|384|0|9||45.0;347|356|384|0|9||45.0		26|39|67|20|33||65.0		TGTGCCAGCGGGTGGTTGGGCGAGCAGTACTTC	27	CASGWLGEQYF	:::::::::0:-8:9:::::20:-6:33:::
730	1.0	0.016666666666666666	TGTGCCAGCGGGGATGGCAATCAGCCCCAGCATTTT	IIIFIIIIIIIIIFFIIIIIFFFFFFFFFFFFFFFF	TRBV25-1*00(165)		TRBJ1-5*00(240)	TRBC1*00(204)	347|356|384|0|9||45.0		22|42|70|16|36||100.0		TGTGCCAGCGGGGATGGCAATCAGCCCCAGCATTTT	37	CASGDGNQPQHF	:::::::::0:-8:9:::::16:-2:36:::
731	1.0	0.016666666666666666	TGTGCCAGCGACAGTTATAATGAGCAGTTCTTC	FF7<BBFFBBBBB77<FFFBFBBBBBBB<BBBF	TRBV11-2*00(375)	TRBD1*00(25)	TRBJ2-1*00(215)	TRBC2*00(275)	350|359|387|0|9||45.0	14|19|36|9|14||25.0	27|42|70|18|33||75.0		TGTGCCAGCGACAGTTATAATGAGCAGTTCTTC	22	CASDSYNEQFF	:::::::::0:-8:9:9:-2:-5:14:18:-7:33:::
732	1.0	0.016666666666666666	TGTGCCAGCATCAGAACCGGGACCAGTGGGACCGGGGAGCTGTTTTTT	FFFIFIIIIIIIIIIIFFFFFFFFFFFFFFBFFFFFFBFFFFBBFFFF	TRBV5-5*00(235)	TRBD2*00(38),TRBD1*00(35)	TRBJ2-2*00(165)	TRBC1*00(468),TRBC2*00(468)	347|357|383|0|10||50.0	14|28|48|16|30|ST21CSC24T|38.0;10|17|36|16|23||35.0	25|43|71|30|48||90.0	;	TGTGCCAGCATCAGAACCGGGACCAGTGGGACCGGGGAGCTGTTTTTT	33	CASIRTGTSGTGELFF	:::::::::0:-6:10:16:2:-4:30:30:-5:48:::
733	1.0	0.016666666666666666	TGTGCCAGCACCAGAATAGGGGACTATGGCTACACCTTC	FFBFFFFFFFIIIFFFFIIIFFIFFFFFIFFFBBFFFFF	TRBV27*00(330)	TRBD1*00(25)	TRBJ1-2*00(174)		347|357|384|0|10||50.0	17|22|36|17|22||25.0	23|40|68|22|39||85.0		TGTGCCAGCACCAGAATAGGGGACTATGGCTACACCTTC	33	CASTRIGDYGYTF	:::::::::0:-7:10:17:-5:-2:22:22:-3:39:::
734	1.0	0.016666666666666666	TGTGCCAGCAGTTTCAGGGGTGTGGGGGACACTGAAGCTTTCTTT	BFFFIF<F<BBBFBFBBFFIBFBFB<@FFIBFFIBFBFBFBBBB<	TRBV12-3*00(140),TRBV12-4*00(140)	TRBD1*00(30)	TRBJ1-1*00(225)	TRBC1*00(225)	350|364|387|0|14||70.0;350|364|387|0|14||70.0	16|22|36|14|20||30.0	23|40|68|28|45||85.0		TGTGCCAGCAGTTTCAGGGGTGTGGGGGACACTGAAGCTTTCTTT	27	CASSFRGVGDTEAFF	:::::::::0:-3:14:14:-4:-2:20:28:-3:45:::
735	1.0	0.016666666666666666	TGTGCCAGCAGTTTAGAAGACGGGGCCTCCTACGAGCAGTACTTC	FFFFBFFFFFFFFFFFFFFFIIIIIIIIIIIFIIIIIIIFFIFFI	TRBV12-3*00(579),TRBV12-4*00(579)	TRBD1*00(25)	TRBJ2-7*00(180)		350|366|387|0|16||80.0;350|366|387|0|16||80.0	19|24|36|21|26||25.0	20|39|67|26|45||95.0		TGTGCCAGCAGTTTAGAAGACGGGGCCTCCTACGAGCAGTACTTC	33	CASSLEDGASYEQYF	:::::::::0:-1:16:21:-7:0:26:26:0:45:::
736	1.0	0.016666666666666666	TGTGCCAGCAGTTCCGGGACAGGGATATATCAGCCCCAGCATTTT	IIFFFIIFIIIIIBFIIFBFFIIIFIFFBFFFF<FF<F<BBFFFF	TRBV12-3*00(175),TRBV12-4*00(175)	TRBD1*00(55)	TRBJ1-5*00(225)	TRBC1*00(484)	350|363|387|0|13||65.0;350|363|387|0|13||65.0	10|21|36|13|24||55.0	25|42|70|28|45||85.0		TGTGCCAGCAGTTCCGGGACAGGGATATATCAGCCCCAGCATTTT	27	CASSSGTGIYQPQHF	:::::::::0:-4:13:13:2:-3:24:28:-5:45:::
737	1.0	0.016666666666666666	TGTGCCAGCAGTTCGCCGACAGCAATGAATGAAAAACTGTTTTTT	FFFFFFFFFFIIIFFFIFFFFFFFFFFFFFFFFFFFFFFIIIIFI	TRBV6-2*00(235),TRBV6-3*00(235)	TRBD1*00(25)	TRBJ1-4*00(230)	TRBC1*00(125)	347|360|384|0|13||65.0;347|360|384|0|13||65.0	14|19|36|17|22||25.0	25|43|71|27|45||90.0		TGTGCCAGCAGTTCGCCGACAGCAATGAATGAAAAACTGTTTTTT	37	CASSSPTAMNEKLFF	:::::::::0:-4:13:17:-2:-5:22:27:-5:45:::
738	1.0	0.016666666666666666	TGTGCCAGCAGTCTTACAGGGGCGAACACTGAAGCTTTCTTT	IIIIIIIIIIIIIIIIIIIIIIIFFFFFFFFFFFBFFFFFFF	TRBV3-1*00(255),TRBV3-2*00(255)	TRBD1*00(35)	TRBJ1-1*00(235)	TRBC1*00(230)	347|358|384|0|11||55.0;347|358|384|0|11||55.0	15|22|36|15|22||35.0	21|40|68|23|42||95.0		TGTGCCAGCAGTCTTACAGGGGCGAACACTGAAGCTTTCTTT	33	CASSLTGANTEAFF	:::::::::0:-6:11:15:-3:-2:22:23:-1:42:::
739	1.0	0.016666666666666666	TGTGCCAGCAGTCGCGGGACTCCGAATGAGCAGTTCTTC	FIFFFIIFFFFFFF<FFFFFFFFFFBFFBBBFFBBBFFB	TRBV12-3*00(180),TRBV12-4*00(180)	TRBD2*00(35),TRBD1*00(30)	TRBJ2-1*00(215)	TRBC2*00(153)	350|362|387|0|12||60.0;350|362|387|0|12||60.0	15|22|48|14|21||35.0;11|17|36|14|20||30.0	27|42|70|24|39||75.0		TGTGCCAGCAGTCGCGGGACTCCGAATGAGCAGTTCTTC	27	CASSRGTPNEQFF	:::::::::0:-5:12:14:1:-10:21:24:-7:39:::
740	1.0	0.016666666666666666	TGTGCCAGCAGTGAAGCAGTGACAGGAAATTCACCCCTCCACTTT	IIIFIIIIIIIFFIFFIIIIIIIIIFIIIIFFBIIIFFIIIIIIF	TRBV2*00(800)	TRBD1*00(30)	TRBJ1-6*00(134)		350|367|387|0|17||85.0	14|20|36|20|26||30.0	27|45|73|27|45||90.0		TGTGCCAGCAGTGAAGCAGTGACAGGAAATTCACCCCTCCACTTT	33	CASSEAVTGNSPLHF	:::::::::0:0:17:20:-2:-4:26:27:-7:45:::
741	1.0	0.016666666666666666	TGTGCCAGCAGCTTGGGCCGGTTCACGGGACAGGGGAAAGGGAGGGACACTGAAGCTTTCTTT	FFFFFFFFFFFFFFFIIIIIIIIIIIIIIIIIIIIIIIIIIIIIIIIIIIIIIIIFIIIFFFF	TRBV5-4*00(450)	TRBD1*00(55)	TRBJ1-1*00(130)		347|363|383|0|16||80.0	11|22|36|25|36||55.0	23|40|68|46|63||85.0		TGTGCCAGCAGCTTGGGCCGGTTCACGGGACAGGGGAAAGGGAGGGACACTGAAGCTTTCTTT	37	CASSLGRFTGQGKGRDTEAFF	:::::::::0:0:16:25:1:-2:36:46:-3:63:::
742	1.0	0.016666666666666666	TGTGCCAGCAGCTTGGGACAGACCTATAATTCACCCCTCCACTTT	IIIFFFFFFFIIIIF<FFFFBFBFIIFFFIFFIFFIFFFFBFFFF	TRBV3-1*00(190),TRBV3-2*00(190)	TRBD1*00(35)	TRBJ1-6*00(255)		347|359|384|0|12||60.0;347|359|384|0|12||60.0	12|19|36|14|21||35.0	22|45|73|22|45||115.0		TGTGCCAGCAGCTTGGGACAGACCTATAATTCACCCCTCCACTTT	27	CASSLGQTYNSPLHF	:::::::::0:-5:12:14:0:-5:21:22:-2:45:::
743	1.0	0.016666666666666666	TGTGCCAGCAGCTTAGCGACGCAACAAGAGACCCAGTACTTC	BBBBBBFFFFFFFFFFBFFFFFFFFFFFFFBFFFFFFFIIII	TRBV7-9*00(705)		TRBJ2-5*00(230)		350|368|387|0|18||90.0		22|40|68|24|42||90.0		TGTGCCAGCAGCTTAGCGACGCAACAAGAGACCCAGTACTTC	33	CASSLATQQETQYF	:::::::::0:1:18:::::24:-2:42:::
744	1.0	0.016666666666666666	TGTGCCAGCAGCTTAGGGGGGCGGTACACCGGGGAGCTGTTTTTT	BBBBBFFBFBBBFFBFFFB<BBFFFFBBBFFFFFFFBFIIIIIII	TRBV5-6*00(485)	TRBD1*00(35)	TRBJ2-2*00(240)	TRBC2*00(120)	347|361|383|0|14||70.0	18|25|36|16|23||35.0	23|43|71|25|45||100.0		TGTGCCAGCAGCTTAGGGGGGCGGTACACCGGGGAGCTGTTTTTT	27	CASSLGGRYTGELFF	:::::::::0:-2:14:16:-6:1:23:25:-3:45:::
745	1.0	0.016666666666666666	TGTGCCAGCAGCTTAGGGACAGGGTTTTTTCAGCCCCAGCATTTT	IIFFIIFFFFFIFFFFFFFFFFFFFFFFFFFFFFFIIIFFIIIII	TRBV7-8*00(265)	TRBD1*00(40)	TRBJ1-5*00(220)	TRBC1*00(109)	350|366|387|0|16||80.0	13|21|36|16|24||40.0	26|42|70|29|45||80.0		TGTGCCAGCAGCTTAGGGACAGGGTTTTTTCAGCCCCAGCATTTT	37	CASSLGTGFFQPQHF	:::::::::0:-1:16:16:-1:-3:24:29:-6:45:::
746	1.0	0.016666666666666666	TGTGCCAGCAGCTTAGGACGGAGTTACGAGCAGTACTTC	FFFIIIIIIFIIIIFFIIIIIFIFFIIIFIIIIFFIIII	TRBV11-2*00(130),TRBV11-3*00(130),TRBV7-2*00(130),TRBV7-8*00(130)		TRBJ2-7*00(215)	TRBC2*00(275)	350|366|387|0|16||80.0;350|366|387|0|16||80.0;350|366|387|0|16||80.0;350|366|387|0|16||80.0		24|39|67|24|39||75.0		TGTGCCAGCAGCTTAGGACGGAGTTACGAGCAGTACTTC	37	CASSLGRSYEQYF	:::::::::0:-1:16:::::24:-4:39:::
747	1.0	0.016666666666666666	TGTGCCAGCAGCTCAGGACACTATAATTCACCCCTCCACTTT	FFFFFFIIIIIIFFFFFIFIFFFIFFFFBBFIIFBFFFFFFF	TRBV7-3*00(390)	TRBD1*00(25)	TRBJ1-6*00(144)		350|363|387|0|13||65.0	13|18|36|15|20||25.0	23|45|73|20|42||110.0		TGTGCCAGCAGCTCAGGACACTATAATTCACCCCTCCACTTT	33	CASSSGHYNSPLHF	:::::::::0:-4:13:15:-1:-6:20:20:-3:42:::
748	1.0	0.016666666666666666	TGTGCCAGCAGCCTCAGCCGGGTCGGTAGAAATGAGCAGTTCTTC	FFFFFFFFFFFFFFBFBBBBFFFIFIIIIIIIFIIIIIIIIFFII	TRBV5-5*00(560)	TRBD1*00(25),TRBD2*00(25)	TRBJ2-1*00(215)		347|359|383|0|12||60.0	10|15|36|17|22||25.0;14|19|48|17|22||25.0	27|42|70|30|45||75.0		TGTGCCAGCAGCCTCAGCCGGGTCGGTAGAAATGAGCAGTTCTTC	33	CASSLSRVGRNEQFF	:::::::::0:-4:12:17:2:-9:22:30:-7:45:::
749	1.0	0.016666666666666666	TGTGCCAGCAGCCCTGGGGACTATCGGGGAGAGCAGTTCTTC	IIIIIIIIIIIIIIIIIIIFFIIIIIIIIIIIFFIFFFFFFF	TRBV5-6*00(130),TRBV5-7*00(130)	TRBD2*00(44)	TRBJ2-1*00(200)	TRBC2*00(564)	347|359|383|0|12||60.0;347|359|383|0|12||60.0	16|28|48|16|28|SG23T|44.0	30|42|70|30|42||60.0		TGTGCCAGCAGCCCTGGGGACTATCGGGGAGAGCAGTTCTTC	37	CASSPGDYRGEQFF	:::::::::0:-4:12:16:0:-4:28:30:-10:42:::
750	1.0	0.016666666666666666	TGTGCCAGCAGCCCCGGGGCGGGGGCTACCTACGAGCAGTACTTC	FFFFFFFFFFFFFFFIIIIIIIIIFFFFIIIIIIIIIIIFFFFFF	TRBV7-2*00(795)	TRBD1*00(33),TRBD2*00(30)	TRBJ2-7*00(125)		350|362|387|0|12||60.0	9|22|36|12|25|SA15GSA17G|33.0;13|19|48|12|18||30.0	22|39|67|28|45||85.0		TGTGCCAGCAGCCCCGGGGCGGGGGCTACCTACGAGCAGTACTTC	37	CASSPGAGATYEQYF	:::::::::0:-5:12:12:3:-2:25:28:-2:45:::
751	1.0	0.016666666666666666	TGTGCCAGCAGCCCCGGGACTCAGGGACTCACAGATACGCAGTATTTT	BB<BBBBBBFFBBBFFFFBBBBFFBBBFFFBIIIFIFFFBFFFFIFFF	TRBV7-2*00(385)	TRBD2*00(45),TRBD1*00(40)	TRBJ2-3*00(235)		350|362|387|0|12||60.0	13|22|48|12|21||45.0;9|17|36|12|20||40.0	22|41|69|29|48||95.0		TGTGCCAGCAGCCCCGGGACTCAGGGACTCACAGATACGCAGTATTTT	27	CASSPGTQGLTDTQYF	:::::::::0:-5:12:12:3:-10:21:29:-2:48:::
752	1.0	0.016666666666666666	TGTGCCAGCAGCCATTCTTTGGCGGCGGTCTCCACCTTC	FFFFFIIIFIIIIIIIIIIIIIFIIIII<FFFFFFFFFF	TRBV4-2*00(110)		TRBJ1-2*00(175)	TRBC1*00(505)	347|361|384|0|14||70.0		33|40|68|32|39||35.0		TGTGCCAGCAGCCATTCTTTGGCGGCGGTCTCCACCTTC	27	CASSHSLAAVSTF	:::::::::0:-3:14:::::32:-13:39:::
753	1.0	0.016666666666666666	TGTGCCAGCAGCGTCCGGGACTTCCAAGAGACCCAGTACTTC	IIFFIIIIIIFIIIIIFFFFFFFFFFFFFFFFFFFFBBFFFF	TRBV11-2*00(260)	TRBD2*00(40),TRBD1*00(35)	TRBJ2-5*00(185)	TRBC2*00(484)	350|362|387|0|12||60.0	14|22|48|14|22||40.0;10|17|36|14|21||35.0	21|40|68|23|42||95.0		TGTGCCAGCAGCGTCCGGGACTTCCAAGAGACCCAGTACTTC	33	CASSVRDFQETQYF	:::::::::0:-5:12:14:2:-10:22:23:-1:42:::
754	1.0	0.016666666666666666	TGTGCCAGCAGCGTAGTGGGGAATGAGCAGTTCTTC	IIIIIIIFIIIIIFFFFFFFFFFFFFFFFFBFFFFF	TRBV9*00(295)		TRBJ2-1*00(215)	TRBC2*00(400)	347|363|383|0|16||80.0		27|42|70|21|36||75.0		TGTGCCAGCAGCGTAGTGGGGAATGAGCAGTTCTTC	33	CASSVVGNEQFF	:::::::::0:0:16:::::21:-7:36:::
755	1.0	0.016666666666666666	TGTGCCAGCAGCGTAGGGACAGGGGTTGAAGCTTTCTTT	IIBFIFFFFFIIIIFIIFFIFIIIIBFFFFIIIIIIFIF	TRBV9*00(150)	TRBD1*00(45)	TRBJ1-1*00(205)	TRBC1*00(579)	347|363|383|0|16||80.0	13|22|36|16|25||45.0	27|40|68|26|39||65.0		TGTGCCAGCAGCGTAGGGACAGGGGTTGAAGCTTTCTTT	33	CASSVGTGVEAFF	:::::::::0:0:16:16:-1:-2:25:26:-7:39:::
756	1.0	0.016666666666666666	TGTGCCAGCAGCGGGGAGCTGTTTTTT	FFFFFFFIIFIIIIIIFFIIIFIIIII	TRBV4-2*00(90),TRBV7-3*00(90),TRBV7-4*00(90),TRBV7-8*00(90),TRBV7-9*00(90)		TRBJ2-2*00(220)	TRBC2*00(340)	347|359|384|0|12||60.0;350|362|387|0|12||60.0;350|362|387|0|12||60.0;350|362|387|0|12||60.0;350|362|387|0|12||60.0		28|43|71|12|27||80.0		TGTGCCAGCAGCGGGGAGCTGTTTTTT	37	CASSGELFF	:::::::::0:-5:12:::::12:-8:27:::
757	1.0	0.016666666666666666	TGTGCCAGCAGCGGAGGACAGGGCAATCGTCAGTACTTC	FIFFIIIIIFIIIIFFFBFFFFFBBFFFFFFFFFFFFFF	TRBV5-4*00(230)	TRBD1*00(40)	TRBJ2-5*00(185)	TRBC2*00(410)	347|359|383|0|12||60.0	13|21|36|15|23||40.0	31|40|68|30|39||45.0		TGTGCCAGCAGCGGAGGACAGGGCAATCGTCAGTACTTC	33	CASSGGQGNRQYF	:::::::::0:-4:12:15:-1:-3:23:30:-11:39:::
758	1.0	0.016666666666666666	TGTGCCAGCAGCATCATTAGGAGGGCACTGAAGCTTTCTTT	IIIIIIIIIIIIIIIIIIIIIIIIIIIIIIIIIIIIIFFFF	TRBV7-2*00(345)	TRBD2*00(30)	TRBJ1-1*00(125)		350|362|387|0|12||60.0	26|32|48|19|25||30.0	24|40|68|25|41||80.0		TGTGCCAGCAGCATCATTAGGAGGGCACTGAAGCTTTCTTT	37	CASSIIR_GTEAFF	:::::::::0:-5:12:19:-10:0:25:25:-4:41:::
759	1.0	0.016666666666666666	TGTGCCAGCAGGTTTCTCGCCCATCCCCAGCATTTT	BFFFFFFFFFBBB<BFFFFFFFFFFFFFFFFFFFFF	TRBV2*00(555)	TRBD1*00(25)	TRBJ1-5*00(200)	TRBC1*00(180)	350|361|387|0|11||55.0	23|28|36|17|22||25.0	30|42|70|24|36||60.0		TGTGCCAGCAGGTTTCTCGCCCATCCCCAGCATTTT	27	CASRFLAHPQHF	:::::::::0:-6:11:17:-11:4:22:24:-10:36:::
1143	1.0	0.016666666666666666	TGCGCCAGCAGTCTCGGGTTGCAGCGGGGCAACACAGATACGCAGTATTTT	IIIIFIIIIFIIFFFIFIFFFFFFFFFFFBFFFBFFBFFFFFFFBBFFFFF	TRBV5-1*00(170)	TRBD2*00(30)	TRBJ2-3*00(235)	TRBC2*00(400)	347|358|383|0|11||55.0	22|28|48|22|28||30.0	22|41|69|32|51||95.0		TGCGCCAGCAGTCTCGGGTTGCAGCGGGGCAACACAGATACGCAGTATTTT	33	CASSLGLQRGNTDTQYF	:::::::::0:-5:11:22:-6:-4:28:32:-2:51:::
1144	1.0	0.016666666666666666	TGCGCCAGCAGCTTGGAGAACTGGGGGACTAGCCAATACGAGCAGTACTTC	FFFBFFFFFFFFFFFFFIFBIIIIIIFFFIIIIIIIIIIIIIIIIIFIIII	TRBV5-1*00(745)	TRBD2*00(45)	TRBJ2-7*00(155)		347|363|383|0|16||80.0	16|25|48|24|33||45.0	24|39|67|36|51||75.0		TGCGCCAGCAGCTTGGAGAACTGGGGGACTAGCCAATACGAGCAGTACTTC	33	CASSLENWGTSQYEQYF	:::::::::0:0:16:24:0:-7:33:36:-4:51:::
1145	1.0	0.016666666666666666	TGCGCCAGCAGCTCCCGGACAGCCAACACTGAAGCTTTCTTT	IFFIFFFFFFFFFFBFF<<BFFFFFBFBBBBBFFFFFFBBFB	TRBV5-1*00(260)	TRBD1*00(30)	TRBJ1-1*00(185)	TRBC1*00(452)	347|360|383|0|13||65.0	13|19|36|16|22||30.0	22|40|68|24|42||90.0		TGCGCCAGCAGCTCCCGGACAGCCAACACTGAAGCTTTCTTT	27	CASSSRTANTEAFF	:::::::::0:-3:13:16:-1:-5:22:24:-2:42:::
1146	1.0	0.016666666666666666	TGCGCCAGCAGCTCGTCCGGGACAGGGAGCGGCTATGGCTACACCTTC	IIIIIIIIIIIIIIIIIIIIIFFFFIIBFFFFFFFFFFFFFFBFFFFF	TRBV5-1*00(135)	TRBD1*00(59)	TRBJ1-2*00(220)	TRBC1*00(180)	347|360|383|0|13||65.0	10|25|36|16|31|SG21A|59.0	24|40|68|32|48||80.0		TGCGCCAGCAGCTCGTCCGGGACAGGGAGCGGCTATGGCTACACCTTC	33	CASSSSGTGSGYGYTF	:::::::::0:-3:13:16:2:1:31:32:-4:48:::
1147	1.0	0.016666666666666666	TGCGCCAGCAGCCTCTCTGGGGCCAACGTCCTGACTTTC	IFIIFFFIIIIIIFIIIFIIIIIIIIIIBFFFIFFFFIF	TRBV5-1*00(140)		TRBJ2-6*00(265)	TRBC2*00(585)	347|359|383|0|12||60.0		20|45|73|14|39||125.0		TGCGCCAGCAGCCTCTCTGGGGCCAACGTCCTGACTTTC	33	CASSLSGANVLTF	:::::::::0:-4:12:::::14:0:39:::
1148	1.0	0.016666666666666666	TGCGCCAGCAGCCCTGGGCTCGGTCCCTCCTACGAGCAGTACTTC	FFFIIIIIIIIIIIIIIIIIIIIIIIIIIIIIIIIIFFFFFFFFF	TRBV5-1*00(810)		TRBJ2-7*00(99)		347|359|383|0|12||60.0		20|39|67|26|45||95.0		TGCGCCAGCAGCCCTGGGCTCGGTCCCTCCTACGAGCAGTACTTC	37	CASSPGLGPSYEQYF	:::::::::0:-4:12:::::26:0:45:::
1149	1.0	0.016666666666666666	TGCGCCAGCAGCCAAGTGTCAGGGAGGTATGGCTACACCTTC	IFIIIIIIIIIIIIIFFFFFFFFFFFF7BBBFFBB<BBF7<B	TRBV4-3*00(280)	TRBD2*00(30)	TRBJ1-2*00(165)	TRBC1*00(468)	347|363|384|0|16||80.0	25|31|48|21|27||30.0	25|40|68|27|42||75.0		TGCGCCAGCAGCCAAGTGTCAGGGAGGTATGGCTACACCTTC	22	CASSQVSGRYGYTF	:::::::::0:-1:16:21:-9:-1:27:27:-5:42:::
1150	1.0	0.016666666666666666	TGCGCCAGCAGCCAAGATCGGTGGGGGCCAGATACGCAGTATTTT	IIIIIIIIIIIIIIIIIIIIIIIIIIFFFFFFFFFFFFFBFFFFF	TRBV4-1*00(220)	TRBD1*00(30)	TRBJ2-3*00(225)	TRBC1*00(484),TRBC2*00(484)	347|366|384|0|19||95.0	18|24|36|22|28||30.0	24|41|69|28|45||85.0	;	TGCGCCAGCAGCCAAGATCGGTGGGGGCCAGATACGCAGTATTTT	33	CASSQDRWGPDTQYF	:::::::::0:2:19:22:-6:0:28:28:-4:45:::
1236	1.0	0.016666666666666666	TGCAGTGCTTCAGGGGTAGGCTACACCTTC	BBFFFFFBFFFFFFFIIIIIIFFFFIBFFB	TRBV20-1*00(704)	TRBD1*00(30)	TRBJ1-2*00(200)		341|350|375|0|9||45.0	16|22|36|10|16||30.0	28|40|68|18|30||60.0		TGCAGTGCTTCAGGGGTAGGCTACACCTTC	33	CSASGVGYTF	:::::::::0:-5:9:10:-4:-2:16:18:-8:30:::
1237	1.0	0.016666666666666666	TGCAGTGCTATTTCACGGCAATCAGCCCCAGCATTTT	IIIFIFFIIIIIIIIIIIIIIIIIIIIIIIIFFIIII	TRBV20-1*00(360)		TRBJ1-5*00(214)		341|351|375|0|10||50.0		22|42|70|17|37||100.0		TGCAGTGCTATTTCACGGCAATCAGCCCCAGCATTTT	37	CSAISR_NQPQHF	:::::::::0:-4:10:::::17:-2:37:::
1238	1.0	0.016666666666666666	TGCAGTGCTAGGTTCGACACTCACACTGAAGCTTTCTTT	IFFIFFFFFFFFFFFFFFBBFFFBFBFBBBBFBFBBBFB	TRBV20-1*00(385)		TRBJ1-1*00(225)	TRBC1*00(274)	341|352|375|0|11||55.0		23|40|68|22|39||85.0		TGCAGTGCTAGGTTCGACACTCACACTGAAGCTTTCTTT	33	CSARFDTHTEAFF	:::::::::0:-3:11:::::22:-3:39:::
1239	1.0	0.016666666666666666	TGCAGTGCTAGAGTACAGGGGTTCGGCGAGCAGTACTTC	FBBFFFBBFFFFFFFFFIIIIIFFFFFFFFFIFFFIIII	TRBV20-1*00(625)	TRBD1*00(35)	TRBJ2-7*00(135)		341|354|375|0|13||65.0	15|22|36|14|21||35.0	26|39|67|26|39||65.0		TGCAGTGCTAGAGTACAGGGGTTCGGCGAGCAGTACTTC	33	CSARVQGFGEQYF	:::::::::0:-1:13:14:-3:-2:21:26:-6:39:::
1240	1.0	0.016666666666666666	TGCAGTGCCCTCGGACTAGCGGTAGATACGCAGTATTTT	BBBBBB<B<BBBFBBBFFFF<BIFFFFFFFFBFFFIIII	TRBV20-1*00(664)	TRBD2*00(50)	TRBJ2-3*00(220)		341|349|375|0|8||40.0	17|27|48|12|22||50.0	25|41|69|23|39||80.0		TGCAGTGCCCTCGGACTAGCGGTAGATACGCAGTATTTT	27	CSALGLAVDTQYF	:::::::::0:-6:8:12:-1:-5:22:23:-5:39:::
1241	1.0	0.016666666666666666	TGCAGTGCGACCGGGACTACCTCTCGCACAGATACGCAGTATTTT	FBFFFBFFFFFFFB<<FFFFFIFIFBFFBFBFBFBFFFFFIIFFB	TRBV20-1*00(203)	TRBD2*00(45)	TRBJ2-3*00(148)		341|349|375|0|8||40.0	14|23|48|10|19||45.0	21|41|69|25|45||100.0		TGCAGTGCGACCGGGACTACCTCTCGCACAGATACGCAGTATTTT	27	CSATGTTSRTDTQYF	:::::::::0:-6:8:10:2:-9:19:25:-1:45:::
1282	1.0	0.016666666666666666	TGCAGCGTAGCGAACACCCCAGGGAGGGAATACGAAGCTTTCTTT	FFFIIIIIIIFIIIFFIIIIIIIIIIIIIIIIIIIIIIIIIIIFF	TRBV29-1*00(445)	TRBD2*00(35)	TRBJ1-1*00(115)		341|349|375|0|8||40.0	25|32|48|21|28||35.0	28|40|68|33|45||60.0		TGCAGCGTAGCGAACACCCCAGGGAGGGAATACGAAGCTTTCTTT	37	CSVANTPGREYEAFF	:::::::::0:-6:8:21:-9:0:28:33:-8:45:::
